avg_daily_steps,avg_daily_sleep_minutes,avg_daily_sedentary_minutes,pct_below_7500_steps,pct_below_7h_sleep
8514.909756097559,419.17317073170733,712.1,0.4097560975609756,0.44146341463414634
